"País","Puntuación","Proceso electoraly pluralismo","Funcionamientodel gobierno","Participaciónpolítica","Culturapolítica","Derechosciviles"
"Noruega","9.87","10.00","9.64","10.00","10.00","9.71"
"Islandia","9.58","10.00","9.29","8.89","10.00","9.71"
"Suecia","9.39","9.58","9.64","8.33","10.00","9.41"
"Nueva Zelanda","9.27","10.00","9.29","8.89","8.13","10.00"
"Finlandia","9.25","10.00","8.93","8.33","8.75","9.71"
"Irlanda","9.23","9.58","7.86","8.33","10.00","10.00"
"Dinamarca","9.21","10.00","9.29","8.33","9.38","9.12"
"Canada","9.18","9.58","9.64","7.78","8.75","10.00"
"Australia","9.10","10.00","8.93","7.78","8.75","10.00"
"Suiza","9.03","9.58","9.29","7.78","9.38","9.12"
"Paises Bajos","8.89","9.58","9.29","8.33","8.13","9.12"
"Luxemburgo","8.81","10.00","8.93","6.67","8.75","9.71"
"Alemania","8.68","9.58","8.57","8.33","7.50","9.41"
"Reino Unido","8.53","9.58","7.50","8.33","8.13","9.12"
"Uruguay","8.38","10.00","8.57","6.11","7.50","9.71"
"Austria","8.29","9.58","7.86","8.33","6.88","9.12"
"Mauricio","8.22","9.17","8.21","5.56","8.75","9.41"
"Malta","8.21","9.17","8.21","6.11","8.75","8.82"
"España","8.08","9.17","7.14","7.78","7.50","8.82"
"Costa Rica","8.07","9.58","7.50","6.67","7.50","9.12"
"Corea del Sur","8.00","9.17","7.86","7.22","7.50","8.24"
"Japon","7.99","8.75","8.21","6.67","7.50","8.82"
"Chile","7.97","9.58","8.57","4.44","8.13","9.12"
"Estonia","7.97","9.58","8.21","6.67","6.88","8.53"
"Estados Unidos","7.96","9.17","7.14","7.78","7.50","8.24"
"Cabo Verde","7.88","9.17","7.86","6.67","6.88","8.82"
"Portugal","7.84","9.58","7.50","6.11","6.88","9.12"
"Botsuana","7.81","9.17","7.14","6.11","7.50","9.12"
"Francia","7.80","9.58","7.50","7.78","5.63","8.53"
"Israel","7.79","9.17","7.50","8.89","7.50","5.88"
"Belgica","7.78","9.58","8.93","5.00","6.88","8.53"
"Republica de China","7.73","9.58","8.21","6.11","5.63","9.12"
"Italia","7.71","9.58","6.07","7.78","6.88","8.24"
"Republica Checa","7.69","9.58","6.79","6.67","6.88","8.53"
"Chipre","7.59","9.17","6.43","6.67","6.88","8.82"
"Eslovenia","7.50","9.58","6.79","6.67","6.25","8.24"
"Lituania","7.50","9.58","6.43","6.11","6.25","9.12"
"Letonia","7.38","9.58","6.07","5.56","6.88","8.82"
"Grecia","7.29","9.58","5.36","6.11","6.88","8.53"
"Sudafrica","7.24","7.42","7.50","8.33","5.00","7.94"
"Timor Oriental","7.19","9.08","6.79","5.56","6.88","7.65"
"Trinidad y Tobago","7.16","9.58","7.14","6.11","5.63","7.35"
"Eslovaquia","7.10","9.58","6.79","5.56","5.63","7.94"
"Panama","7.05","9.58","6.07","6.67","5.00","7.94"
"Bulgaria","7.03","9.17","6.43","7.22","4.38","7.94"
"Argentina","7.02","9.17","5.36","6.11","6.25","8.24"
"Jamaica","7.02","8.75","7.14","4.44","6.25","8.53"
"Surinam","6.98","9.17","6.43","6.67","5.00","7.65"
"Brasil","6.97","9.58","5.36","6.67","5.00","8.24"
"Colombia","6.96","9.17","6.79","5.00","5.63","8.24"
"India","6.90","9.17","6.79","7.22","5.63","7.35"
"Malasia","6.88","7.75","7.86","6.67","6.25","5.88"
"Guyana","6.67","9.17","5.71","6.11","5.00","7.35"
"Lesoto","6.64","9.17","5.00","6.67","5.63","6.76"
"Filipinas","6.71","9.17","5.71","7.22","4.38","7.06"
"Ghana","6.63","8.33","5.71","6.67","6.25","6.18"
"Hungria","6.63","8.75","6.07","5.00","6.25","7.06"
"Polonia","6.62","9.17","6.07","6.11","4.38","7.65"
"Peru","6.60","9.17","5.00","5.56","5.63","7.65"
"Croacia","6.57","9.17","6.07","5.56","5.00","7.06"
"Republica Dominicana","6.54","9.17","5.36","6.11","5.00","7.06"
"Mongolia","6.50","9.17","5.71","5.56","5.00","7.06"
"Indonesia","6.50","7.95","7.15","6.70","5.65","5.60"
"Tunez","6.41","6.42","5.71","7.78","6.25","5.88"
"Serbia","6.40","8.25","5.36","6.11","5.00","7.35"
"Singapur","6.38","4.33","7.86","6.11","6.25","7.35"
"Rumania","6.37","9.17","5.71","5.00","4.38","7.65"
"Ecuador","6.27","8.75","5.36","6.11","4.38","7.65"
"Namibia","6.25","5.67","5.36","6.67","5.63","7.94"
"Paraguay","6.24","8.75","5.71","5.00","4.38","7.35"
"Sri Lanka","6.19","7.83","5.71","5.00","6.25","6.18"
"Mexico","6.19","8.33","6.07","7.22","3.13","6.18"
"Hong Kong","6.15","3.08","6.07","5.56","7.50","8.53"
"Senegal","6.15","7.50","6.07","4.44","6.25","6.47"
"Papua Nueva Guinea","6.03","6.92","6.07","3.89","5.63","7.65"
"Albania","5.98","7.00","4.71","5.56","5.00","7.65"
"El Salvador","5.96","9.17","4.29","5.56","3.75","7.06"
"Macedonia del Norte","5.87","6.50","5.36","6.67","3.75","7.06"
"Moldavia","5.85","7.08","4.64","6.11","4.38","7.06"
"Fiyi","5.85","6.58","5.36","6.11","5.63","5.59"
"Montenegro","5.74","6.08","5.36","6.11","4.38","6.76"
"Benin","5.74","6.50","5.71","5.00","5.63","5.88"
"Bolivia","5.70","7.50","4.64","5.56","3.75","7.06"
"Ucrania","5.69","6.17","3.21","6.67","6.25","6.18"
"Honduras","5.63","8.50","4.64","4.44","4.38","6.18"
"Zambia","5.61","6.17","4.64","3.89","6.88","6.47"
"Guatemala","5.60","7.92","5.36","3.89","4.38","6.47"
"Banglades","5.57","7.83","5.07","5.56","4.38","5.00"
"Georgia","5.50","7.83","3.57","6.11","4.38","5.00"
"Malaui","5.49","6.58","4.29","4.44","6.25","5.88"
"Tanzania","5.41","7.00","5.00","5.00","5.63","4.41"
"Mali","5.41","7.42","3.93","3.89","5.63","6.18"
"Liberia","5.35","7.42","2.57","5.56","5.63","5.59"
"Butan","5.30","8.75","6.79","2.78","4.38","3.82"
"Madagascar","5.22","6.08","3.57","6.11","5.63","4.71"
"Uganda","5.20","5.25","3.57","4.44","6.88","5.88"
"Nepal","5.18","4.33","5.36","5.00","5.63","5.59"
"Kenia","5.11","3.50","5.36","6.67","5.63","4.41"
"Kirguistan","5.11","6.58","2.93","6.67","4.38","5.00"
"Marruecos","4.99","5.25","4.64","5.00","5.63","4.41"
"Bosnia y Herzegovina","4.98","6.50","2.93","5.56","3.75","6.18"
"Haiti","4.91","5.58","2.93","3.89","6.25","5.88"
"Armenia","4.79","5.67","4.64","5.56","2.50","5.59"
"Burkina Faso","4.75","4.42","4.29","4.44","5.63","5.00"
"Sierra Leona","4.66","6.58","1.86","3.33","6.25","5.29"
"Libano","4.63","3.92","2.21","6.67","5.63","4.71"
"Tailandia","4.63","3.00","4.29","5.00","5.00","5.88"
"Nigeria","4.44","6.08","4.64","3.33","3.75","4.41"
"Palestina","4.39","3.83","2.14","7.78","4.38","3.82"
"Turquia","4.37","4.50","5.00","5.00","5.00","2.35"
"Gambia","4.31","4.48","4.29","3.33","5.63","3.82"
"Pakistan","4.25","6.08","5.36","2.22","2.50","4.71"
"Costa de Marfil","4.15","4.83","2.86","3.33","5.63","4.12"
"Irak","4.06","4.75","0.07","6.67","5.00","3.82"
"Jordania","3.93","3.58","4.29","3.89","4.38","3.53"
"Mozambique","3.85","3.58","2.14","5.00","5.00","3.53"
"Kuwait","3.85","3.17","4.29","3.89","4.38","3.53"
"Birmania","3.83","3.67","3.93","3.89","5.63","2.06"
"Mauritania","3.82","3.00","3.57","5.00","3.13","4.41"
"Niger","3.76","5.25","1.14","3.33","4.38","4.71"
"Comoras","3.71","4.33","2.21","4.44","3.75","3.82"
"Nicaragua","3.63","2.67","1.86","3.89","5.63","4.12"
"Angola","3.62","1.75","2.86","5.56","5.00","2.94"
"Gabon","3.61","2.58","2.21","4.44","5.00","3.82"
"Camboya","3.59","1.33","5.00","2.78","5.63","3.24"
"Argelia","3.50","2.58","2.21","3.89","5.00","4.12"
"Egipto","3.36","3.58","3.21","3.33","3.75","2.94"
"Etiopia","3.35","0.00","3.57","5.56","5.00","2.65"
"Ruanda","3.35","1.67","5.00","2.78","4.38","2.94"
"Republica del Congo","3.31","3.17","2.50","3.89","3.75","3.24"
"Camerun","3.28","3.17","2.86","3.33","4.38","2.65"
"Catar","3.19","0.00","4.29","2.22","5.63","3.82"
"Zimbabue","3.17","0.50","2.00","4.44","5.63","3.24"
"Venezuela","3.16","1.67","1.79","4.44","4.38","3.53"
"Guinea","3.14","3.50","0.43","4.44","4.38","2.94"
"Bielorrusia","3.13","0.92","2.86","3.89","5.63","2.35"
"Togo","3.10","3.17","0.79","3.33","5.00","3.24"
"Vietnam","3.08","0.00","3.21","3.89","5.63","2.65"
"Oman","3.04","0.00","3.93","2.78","4.38","4.12"
"Suazilandia","3.03","0.92","2.86","2.22","5.63","3.53"
"Cuba","3.00","1.08","3.57","3.33","4.38","2.65"
"Afganistan","2.97","2.92","1.14","4.44","2.50","3.82"
"Kazajistan","2.94","0.50","2.14","4.44","4.38","3.24"
"Rusia","2.93","2.17","1.79","5.00","2.50","3.24"
"Yibuti","2.87","0.42","1.79","3.89","5.63","2.65"
"Emiratos Árabes Unidos","2.76","0.00","3.93","2.22","5.00","2.65"
"Barein","2.71","0.83","3.21","2.78","4.38","2.35"
"Azerbaiyan","2.65","0.50","2.14","3.33","3.75","3.53"
"Iran","2.45","0.00","3.21","4.44","3.13","1.47"
"Eritrea","2.37","0.00","2.14","1.67","6.88","1.18"
"Burundi","2.33","0.00","0.43","3.89","5.00","2.35"
"China","2.26","0.00","5.00","3.89","6.25","1.47"
"Libia","2.19","1.00","0.36","1.67","5.00","2.94"
"Sudan","2.15","0.00","1.79","2.78","5.00","1.18"
"Laos","2.14","0.83","2.86","1.67","5.00","1.47"
"Uzbekistan","2.01","0.08","1.86","2.22","5.00","0.88"
"Guinea-Bisau","1.98","1.67","0.00","2.78","3.13","2.35"
"Yemen","1.97","0.00","0.00","3.89","5.00","0.88"
"Arabia Saudita","1.96","0.00","2.86","2.22","3.13","1.47"
"Tayikistan","1.95","0.08","0.79","1.67","6.25","0.88"
"Guinea Ecuatorial","1.92","0.00","0.43","3.33","4.38","1.47"
"Turkmenistan","1.72","0.00","0.79","2.22","5.00","0.59"
"Chad","1.61","0.00","0.00","1.67","3.75","2.65"
"Siria","1.43","0.00","0.00","2.78","4.38","0.00"
"Republica Centroafricana","1.32","1.25","0.00","1.11","1.88","2.35"
"R. Democratica del Congo","1.13","0.00","0.00","1.67","3.13","0.88"
"Corea del Norte","1.08","0.00","2.50","1.67","1.25","0.00"
